"","p1","t1","x1","p2","t2","x2","trial","choice","manipulation","num"
"1",0.9,0,150,0.6,0,400,"RvA.1.Base","RvA","Base",1
"2",0.7,0,275,0.55,0,400,"RvA.2.Base","RvA","Base",2
"3",0.6,0,50,0.2,0,275,"RvA.3.Base","RvA","Base",3
"4",0.85,0,150,0.5,0,475,"RvA.4.Base","RvA","Base",4
"5",0.95,0,200,0.75,0,400,"RvA.5.Base","RvA","Base",5
"6",0.6,0,125,0.45,0,250,"RvA.6.Base","RvA","Base",6
"7",0.5,0,300,0.4,0,475,"RvA.7.Base","RvA","Base",7
"8",0.5,0,100,0.2,0,425,"RvA.8.Base","RvA","Base",8
"9",0.95,1,100,0.75,1,200,"RvA.9.Base","RvA","Base",9
"10",0.95,2,325,0.85,2,400,"RvA.10.Base","RvA","Base",10
"11",0.5,3,75,0.45,3,100,"RvA.11.Base","RvA","Base",11
"12",0.25,4,50,0.05,4,325,"RvA.12.Base","RvA","Base",12
"13",0.55,5,325,0.5,5,350,"RvA.13.Base","RvA","Base",13
"14",0.5,6,50,0.1,6,375,"RvA.14.Base","RvA","Base",14
"15",0.5,8,250,0.4,8,325,"RvA.15.Base","RvA","Base",15
"16",0.45,9,125,0.2,9,475,"RvA.16.Base","RvA","Base",16
"17",0.9,0,1500,0.6,0,4000,"RvA.1.Mag","RvA","Mag",1
"18",0.7,0,2750,0.55,0,4000,"RvA.2.Mag","RvA","Mag",2
"19",0.6,0,500,0.2,0,2750,"RvA.3.Mag","RvA","Mag",3
"20",0.85,0,1500,0.5,0,4750,"RvA.4.Mag","RvA","Mag",4
"21",0.95,0,2000,0.75,0,4000,"RvA.5.Mag","RvA","Mag",5
"22",0.6,0,1250,0.45,0,2500,"RvA.6.Mag","RvA","Mag",6
"23",0.5,0,3000,0.4,0,4750,"RvA.7.Mag","RvA","Mag",7
"24",0.5,0,1000,0.2,0,4250,"RvA.8.Mag","RvA","Mag",8
"25",0.95,1,1000,0.75,1,2000,"RvA.9.Mag","RvA","Mag",9
"26",0.95,2,3250,0.85,2,4000,"RvA.10.Mag","RvA","Mag",10
"27",0.5,3,750,0.45,3,1000,"RvA.11.Mag","RvA","Mag",11
"28",0.25,4,500,0.05,4,3250,"RvA.12.Mag","RvA","Mag",12
"29",0.55,5,3250,0.5,5,3500,"RvA.13.Mag","RvA","Mag",13
"30",0.5,6,500,0.1,6,3750,"RvA.14.Mag","RvA","Mag",14
"31",0.5,8,2500,0.4,8,3250,"RvA.15.Mag","RvA","Mag",15
"32",0.45,9,1250,0.2,9,4750,"RvA.16.Mag","RvA","Mag",16
"33",0.9,12,150,0.6,12,400,"RvA.1.Imm","RvA","Imm",1
"34",0.7,12,275,0.55,12,400,"RvA.2.Imm","RvA","Imm",2
"35",0.6,12,50,0.2,12,275,"RvA.3.Imm","RvA","Imm",3
"36",0.85,12,150,0.5,12,475,"RvA.4.Imm","RvA","Imm",4
"37",0.95,12,200,0.75,12,400,"RvA.5.Imm","RvA","Imm",5
"38",0.6,12,125,0.45,12,250,"RvA.6.Imm","RvA","Imm",6
"39",0.5,12,300,0.4,12,475,"RvA.7.Imm","RvA","Imm",7
"40",0.5,12,100,0.2,12,425,"RvA.8.Imm","RvA","Imm",8
"41",0.95,13,100,0.75,13,200,"RvA.9.Imm","RvA","Imm",9
"42",0.95,14,325,0.85,14,400,"RvA.10.Imm","RvA","Imm",10
"43",0.5,15,75,0.45,15,100,"RvA.11.Imm","RvA","Imm",11
"44",0.25,16,50,0.05,16,325,"RvA.12.Imm","RvA","Imm",12
"45",0.55,17,325,0.5,17,350,"RvA.13.Imm","RvA","Imm",13
"46",0.5,18,50,0.1,18,375,"RvA.14.Imm","RvA","Imm",14
"47",0.5,20,250,0.4,20,325,"RvA.15.Imm","RvA","Imm",15
"48",0.45,21,125,0.2,21,475,"RvA.16.Imm","RvA","Imm",16
"49",0.18,0,150,0.12,0,400,"RvA.1.Cert","RvA","Cert",1
"50",0.14,0,275,0.11,0,400,"RvA.2.Cert","RvA","Cert",2
"51",0.12,0,50,0.04,0,275,"RvA.3.Cert","RvA","Cert",3
"52",0.17,0,150,0.1,0,475,"RvA.4.Cert","RvA","Cert",4
"53",0.19,0,200,0.15,0,400,"RvA.5.Cert","RvA","Cert",5
"54",0.12,0,125,0.09,0,250,"RvA.6.Cert","RvA","Cert",6
"55",0.1,0,300,0.08,0,475,"RvA.7.Cert","RvA","Cert",7
"56",0.1,0,100,0.04,0,425,"RvA.8.Cert","RvA","Cert",8
"57",0.19,1,100,0.15,1,200,"RvA.9.Cert","RvA","Cert",9
"58",0.19,2,325,0.17,2,400,"RvA.10.Cert","RvA","Cert",10
"59",0.1,3,75,0.09,3,100,"RvA.11.Cert","RvA","Cert",11
"60",0.05,4,50,0.01,4,325,"RvA.12.Cert","RvA","Cert",12
"61",0.11,5,325,0.1,5,350,"RvA.13.Cert","RvA","Cert",13
"62",0.1,6,50,0.02,6,375,"RvA.14.Cert","RvA","Cert",14
"63",0.1,8,250,0.08,8,325,"RvA.15.Cert","RvA","Cert",15
"64",0.09,9,125,0.04,9,475,"RvA.16.Cert","RvA","Cert",16
"65",1,2,325,1,9,475,"DvA.1.Base","DvA","Base",1
"66",1,1,75,1,30,300,"DvA.2.Base","DvA","Base",2
"67",1,1,100,1,5,200,"DvA.3.Base","DvA","Base",3
"68",1,3,125,1,21,325,"DvA.4.Base","DvA","Base",4
"69",1,6,125,1,30,325,"DvA.5.Base","DvA","Base",5
"70",1,30,350,1,42,425,"DvA.6.Base","DvA","Base",6
"71",1,3,100,1,12,225,"DvA.7.Base","DvA","Base",7
"72",1,4,175,1,15,350,"DvA.8.Base","DvA","Base",8
"73",0.95,0,125,0.95,24,350,"DvA.9.Base","DvA","Base",9
"74",0.9,1,100,0.9,12,325,"DvA.10.Base","DvA","Base",10
"75",0.85,6,150,0.85,27,450,"DvA.11.Base","DvA","Base",11
"76",0.8,13,300,0.8,30,425,"DvA.12.Base","DvA","Base",12
"77",0.75,0,350,0.75,4,450,"DvA.13.Base","DvA","Base",13
"78",0.7,12,175,0.7,30,350,"DvA.14.Base","DvA","Base",14
"79",0.65,4,75,0.65,30,225,"DvA.15.Base","DvA","Base",15
"80",0.6,15,75,0.6,36,175,"DvA.16.Base","DvA","Base",16
"81",1,2,3250,1,9,4750,"DvA.1.Mag","DvA","Mag",1
"82",1,1,750,1,30,3000,"DvA.2.Mag","DvA","Mag",2
"83",1,1,1000,1,5,2000,"DvA.3.Mag","DvA","Mag",3
"84",1,3,1250,1,21,3250,"DvA.4.Mag","DvA","Mag",4
"85",1,6,1250,1,30,3250,"DvA.5.Mag","DvA","Mag",5
"86",1,30,3500,1,42,4250,"DvA.6.Mag","DvA","Mag",6
"87",1,3,1000,1,12,2250,"DvA.7.Mag","DvA","Mag",7
"88",1,4,1750,1,15,3500,"DvA.8.Mag","DvA","Mag",8
"89",0.95,0,1250,0.95,24,3500,"DvA.9.Mag","DvA","Mag",9
"90",0.9,1,1000,0.9,12,3250,"DvA.10.Mag","DvA","Mag",10
"91",0.85,6,1500,0.85,27,4500,"DvA.11.Mag","DvA","Mag",11
"92",0.8,13,3000,0.8,30,4250,"DvA.12.Mag","DvA","Mag",12
"93",0.75,0,3500,0.75,4,4500,"DvA.13.Mag","DvA","Mag",13
"94",0.7,12,1750,0.7,30,3500,"DvA.14.Mag","DvA","Mag",14
"95",0.65,4,750,0.65,30,2250,"DvA.15.Mag","DvA","Mag",15
"96",0.6,15,750,0.6,36,1750,"DvA.16.Mag","DvA","Mag",16
"97",1,14,325,1,21,475,"DvA.1.Imm","DvA","Imm",1
"98",1,13,75,1,42,300,"DvA.2.Imm","DvA","Imm",2
"99",1,13,100,1,17,200,"DvA.3.Imm","DvA","Imm",3
"100",1,15,125,1,33,325,"DvA.4.Imm","DvA","Imm",4
"101",1,18,125,1,42,325,"DvA.5.Imm","DvA","Imm",5
"102",1,42,350,1,54,425,"DvA.6.Imm","DvA","Imm",6
"103",1,15,100,1,24,225,"DvA.7.Imm","DvA","Imm",7
"104",1,16,175,1,27,350,"DvA.8.Imm","DvA","Imm",8
"105",0.95,12,125,0.95,36,350,"DvA.9.Imm","DvA","Imm",9
"106",0.9,13,100,0.9,24,325,"DvA.10.Imm","DvA","Imm",10
"107",0.85,18,150,0.85,39,450,"DvA.11.Imm","DvA","Imm",11
"108",0.8,25,300,0.8,42,425,"DvA.12.Imm","DvA","Imm",12
"109",0.75,12,350,0.75,16,450,"DvA.13.Imm","DvA","Imm",13
"110",0.7,24,175,0.7,42,350,"DvA.14.Imm","DvA","Imm",14
"111",0.65,16,75,0.65,42,225,"DvA.15.Imm","DvA","Imm",15
"112",0.6,27,75,0.6,48,175,"DvA.16.Imm","DvA","Imm",16
"113",0.2,2,325,0.2,9,475,"DvA.1.Cert","DvA","Cert",1
"114",0.2,1,75,0.2,30,300,"DvA.2.Cert","DvA","Cert",2
"115",0.2,1,100,0.2,5,200,"DvA.3.Cert","DvA","Cert",3
"116",0.2,3,125,0.2,21,325,"DvA.4.Cert","DvA","Cert",4
"117",0.2,6,125,0.2,30,325,"DvA.5.Cert","DvA","Cert",5
"118",0.2,30,350,0.2,42,425,"DvA.6.Cert","DvA","Cert",6
"119",0.2,3,100,0.2,12,225,"DvA.7.Cert","DvA","Cert",7
"120",0.2,4,175,0.2,15,350,"DvA.8.Cert","DvA","Cert",8
"121",0.19,0,125,0.19,24,350,"DvA.9.Cert","DvA","Cert",9
"122",0.18,1,100,0.18,12,325,"DvA.10.Cert","DvA","Cert",10
"123",0.17,6,150,0.17,27,450,"DvA.11.Cert","DvA","Cert",11
"124",0.16,13,300,0.16,30,425,"DvA.12.Cert","DvA","Cert",12
"125",0.15,0,350,0.15,4,450,"DvA.13.Cert","DvA","Cert",13
"126",0.14,12,175,0.14,30,350,"DvA.14.Cert","DvA","Cert",14
"127",0.13,4,75,0.13,30,225,"DvA.15.Cert","DvA","Cert",15
"128",0.12,15,75,0.12,36,175,"DvA.16.Cert","DvA","Cert",16
"129",0.8,0,400,1,8,400,"DvR.1.Base","DvR","Base",1
"130",0.7,0,450,1,21,450,"DvR.2.Base","DvR","Base",2
"131",0.75,0,400,1,15,400,"DvR.3.Base","DvR","Base",3
"132",0.85,0,225,1,12,225,"DvR.4.Base","DvR","Base",4
"133",0.1,0,75,1,42,75,"DvR.5.Base","DvR","Base",5
"134",0.95,0,125,1,5,125,"DvR.6.Base","DvR","Base",6
"135",0.85,0,50,1,9,50,"DvR.7.Base","DvR","Base",7
"136",0.7,0,100,1,4,100,"DvR.8.Base","DvR","Base",8
"137",0.2,6,150,0.95,36,150,"DvR.9.Base","DvR","Base",9
"138",0.75,5,150,0.95,9,150,"DvR.10.Base","DvR","Base",10
"139",0.55,1,50,0.9,5,50,"DvR.11.Base","DvR","Base",11
"140",0.6,2,225,0.9,6,225,"DvR.12.Base","DvR","Base",12
"141",0.5,4,350,0.85,8,350,"DvR.13.Base","DvR","Base",13
"142",0.45,3,250,0.85,6,250,"DvR.14.Base","DvR","Base",14
"143",0.35,9,250,0.4,18,250,"DvR.15.Base","DvR","Base",15
"144",0.4,9,300,0.5,15,300,"DvR.16.Base","DvR","Base",16
"145",0.8,0,4000,1,8,4000,"DvR.1.Mag","DvR","Mag",1
"146",0.7,0,4500,1,21,4500,"DvR.2.Mag","DvR","Mag",2
"147",0.75,0,4000,1,15,4000,"DvR.3.Mag","DvR","Mag",3
"148",0.85,0,2250,1,12,2250,"DvR.4.Mag","DvR","Mag",4
"149",0.1,0,750,1,42,750,"DvR.5.Mag","DvR","Mag",5
"150",0.95,0,1250,1,5,1250,"DvR.6.Mag","DvR","Mag",6
"151",0.85,0,500,1,9,500,"DvR.7.Mag","DvR","Mag",7
"152",0.7,0,1000,1,4,1000,"DvR.8.Mag","DvR","Mag",8
"153",0.2,6,1500,0.95,36,1500,"DvR.9.Mag","DvR","Mag",9
"154",0.75,5,1500,0.95,9,1500,"DvR.10.Mag","DvR","Mag",10
"155",0.55,1,500,0.9,5,500,"DvR.11.Mag","DvR","Mag",11
"156",0.6,2,2250,0.9,6,2250,"DvR.12.Mag","DvR","Mag",12
"157",0.5,4,3500,0.85,8,3500,"DvR.13.Mag","DvR","Mag",13
"158",0.45,3,2500,0.85,6,2500,"DvR.14.Mag","DvR","Mag",14
"159",0.35,9,2500,0.4,18,2500,"DvR.15.Mag","DvR","Mag",15
"160",0.4,9,3000,0.5,15,3000,"DvR.16.Mag","DvR","Mag",16
"161",0.8,12,400,1,20,400,"DvR.1.Imm","DvR","Imm",1
"162",0.7,12,450,1,33,450,"DvR.2.Imm","DvR","Imm",2
"163",0.75,12,400,1,27,400,"DvR.3.Imm","DvR","Imm",3
"164",0.85,12,225,1,24,225,"DvR.4.Imm","DvR","Imm",4
"165",0.1,12,75,1,54,75,"DvR.5.Imm","DvR","Imm",5
"166",0.95,12,125,1,17,125,"DvR.6.Imm","DvR","Imm",6
"167",0.85,12,50,1,21,50,"DvR.7.Imm","DvR","Imm",7
"168",0.7,12,100,1,16,100,"DvR.8.Imm","DvR","Imm",8
"169",0.2,18,150,0.95,48,150,"DvR.9.Imm","DvR","Imm",9
"170",0.75,17,150,0.95,21,150,"DvR.10.Imm","DvR","Imm",10
"171",0.55,13,50,0.9,17,50,"DvR.11.Imm","DvR","Imm",11
"172",0.6,14,225,0.9,18,225,"DvR.12.Imm","DvR","Imm",12
"173",0.5,16,350,0.85,20,350,"DvR.13.Imm","DvR","Imm",13
"174",0.45,15,250,0.85,18,250,"DvR.14.Imm","DvR","Imm",14
"175",0.35,21,250,0.4,30,250,"DvR.15.Imm","DvR","Imm",15
"176",0.4,21,300,0.5,27,300,"DvR.16.Imm","DvR","Imm",16
"177",0.16,0,400,0.2,8,400,"DvR.1.Cert","DvR","Cert",1
"178",0.14,0,450,0.2,21,450,"DvR.2.Cert","DvR","Cert",2
"179",0.15,0,400,0.2,15,400,"DvR.3.Cert","DvR","Cert",3
"180",0.17,0,225,0.2,12,225,"DvR.4.Cert","DvR","Cert",4
"181",0.02,0,75,0.2,42,75,"DvR.5.Cert","DvR","Cert",5
"182",0.19,0,125,0.2,5,125,"DvR.6.Cert","DvR","Cert",6
"183",0.17,0,50,0.2,9,50,"DvR.7.Cert","DvR","Cert",7
"184",0.14,0,100,0.2,4,100,"DvR.8.Cert","DvR","Cert",8
"185",0.04,6,150,0.19,36,150,"DvR.9.Cert","DvR","Cert",9
"186",0.15,5,150,0.19,9,150,"DvR.10.Cert","DvR","Cert",10
"187",0.11,1,50,0.18,5,50,"DvR.11.Cert","DvR","Cert",11
"188",0.12,2,225,0.18,6,225,"DvR.12.Cert","DvR","Cert",12
"189",0.1,4,350,0.17,8,350,"DvR.13.Cert","DvR","Cert",13
"190",0.09,3,250,0.17,6,250,"DvR.14.Cert","DvR","Cert",14
"191",0.07,9,250,0.08,18,250,"DvR.15.Cert","DvR","Cert",15
"192",0.08,9,300,0.1,15,300,"DvR.16.Cert","DvR","Cert",16
"193",1,4,225,0.7,0,450,"RvAD.1.Base","RvAD","Base",1
"194",1,2,175,0.55,0,450,"RvAD.2.Base","RvAD","Base",2
"195",1,3,50,0.25,0,325,"RvAD.3.Base","RvAD","Base",3
"196",1,9,150,0.5,0,325,"RvAD.4.Base","RvAD","Base",4
"197",1,9,200,0.5,0,450,"RvAD.5.Base","RvAD","Base",5
"198",1,1,175,0.5,0,400,"RvAD.6.Base","RvAD","Base",6
"199",1,6,50,0.25,0,225,"RvAD.7.Base","RvAD","Base",7
"200",1,4,375,0.75,0,475,"RvAD.8.Base","RvAD","Base",8
"201",0.75,24,150,0.55,21,325,"RvAD.9.Base","RvAD","Base",9
"202",0.9,8,175,0.5,3,400,"RvAD.10.Base","RvAD","Base",10
"203",0.9,12,125,0.7,2,150,"RvAD.11.Base","RvAD","Base",11
"204",0.45,12,100,0.1,5,400,"RvAD.12.Base","RvAD","Base",12
"205",0.55,54,175,0.05,24,450,"RvAD.13.Base","RvAD","Base",13
"206",0.6,21,100,0.2,2,125,"RvAD.14.Base","RvAD","Base",14
"207",0.35,13,250,0.2,12,325,"RvAD.15.Base","RvAD","Base",15
"208",0.7,42,375,0.45,36,450,"RvAD.16.Base","RvAD","Base",16
"209",1,4,2250,0.7,0,4500,"RvAD.1.Mag","RvAD","Mag",1
"210",1,2,1750,0.55,0,4500,"RvAD.2.Mag","RvAD","Mag",2
"211",1,3,500,0.25,0,3250,"RvAD.3.Mag","RvAD","Mag",3
"212",1,9,1500,0.5,0,3250,"RvAD.4.Mag","RvAD","Mag",4
"213",1,9,2000,0.5,0,4500,"RvAD.5.Mag","RvAD","Mag",5
"214",1,1,1750,0.5,0,4000,"RvAD.6.Mag","RvAD","Mag",6
"215",1,6,500,0.25,0,2250,"RvAD.7.Mag","RvAD","Mag",7
"216",1,4,3750,0.75,0,4750,"RvAD.8.Mag","RvAD","Mag",8
"217",0.75,24,1500,0.55,21,3250,"RvAD.9.Mag","RvAD","Mag",9
"218",0.9,8,1750,0.5,3,4000,"RvAD.10.Mag","RvAD","Mag",10
"219",0.9,12,1250,0.7,2,1500,"RvAD.11.Mag","RvAD","Mag",11
"220",0.45,12,1000,0.1,5,4000,"RvAD.12.Mag","RvAD","Mag",12
"221",0.55,54,1750,0.05,24,4500,"RvAD.13.Mag","RvAD","Mag",13
"222",0.6,21,1000,0.2,2,1250,"RvAD.14.Mag","RvAD","Mag",14
"223",0.35,13,2500,0.2,12,3250,"RvAD.15.Mag","RvAD","Mag",15
"224",0.7,42,3750,0.45,36,4500,"RvAD.16.Mag","RvAD","Mag",16
"225",1,16,225,0.7,12,450,"RvAD.1.Imm","RvAD","Imm",1
"226",1,14,175,0.55,12,450,"RvAD.2.Imm","RvAD","Imm",2
"227",1,15,50,0.25,12,325,"RvAD.3.Imm","RvAD","Imm",3
"228",1,21,150,0.5,12,325,"RvAD.4.Imm","RvAD","Imm",4
"229",1,21,200,0.5,12,450,"RvAD.5.Imm","RvAD","Imm",5
"230",1,13,175,0.5,12,400,"RvAD.6.Imm","RvAD","Imm",6
"231",1,18,50,0.25,12,225,"RvAD.7.Imm","RvAD","Imm",7
"232",1,16,375,0.75,12,475,"RvAD.8.Imm","RvAD","Imm",8
"233",0.75,36,150,0.55,33,325,"RvAD.9.Imm","RvAD","Imm",9
"234",0.9,20,175,0.5,15,400,"RvAD.10.Imm","RvAD","Imm",10
"235",0.9,24,125,0.7,14,150,"RvAD.11.Imm","RvAD","Imm",11
"236",0.45,24,100,0.1,17,400,"RvAD.12.Imm","RvAD","Imm",12
"237",0.55,66,175,0.05,36,450,"RvAD.13.Imm","RvAD","Imm",13
"238",0.6,33,100,0.2,14,125,"RvAD.14.Imm","RvAD","Imm",14
"239",0.35,25,250,0.2,24,325,"RvAD.15.Imm","RvAD","Imm",15
"240",0.7,54,375,0.45,48,450,"RvAD.16.Imm","RvAD","Imm",16
"241",0.2,4,225,0.14,0,450,"RvAD.1.Cert","RvAD","Cert",1
"242",0.2,2,175,0.11,0,450,"RvAD.2.Cert","RvAD","Cert",2
"243",0.2,3,50,0.05,0,325,"RvAD.3.Cert","RvAD","Cert",3
"244",0.2,9,150,0.1,0,325,"RvAD.4.Cert","RvAD","Cert",4
"245",0.2,9,200,0.1,0,450,"RvAD.5.Cert","RvAD","Cert",5
"246",0.2,1,175,0.1,0,400,"RvAD.6.Cert","RvAD","Cert",6
"247",0.2,6,50,0.05,0,225,"RvAD.7.Cert","RvAD","Cert",7
"248",0.2,4,375,0.15,0,475,"RvAD.8.Cert","RvAD","Cert",8
"249",0.15,24,150,0.11,21,325,"RvAD.9.Cert","RvAD","Cert",9
"250",0.18,8,175,0.1,3,400,"RvAD.10.Cert","RvAD","Cert",10
"251",0.18,12,125,0.14,2,150,"RvAD.11.Cert","RvAD","Cert",11
"252",0.09,12,100,0.02,5,400,"RvAD.12.Cert","RvAD","Cert",12
"253",0.11,54,175,0.01,24,450,"RvAD.13.Cert","RvAD","Cert",13
"254",0.12,21,100,0.04,2,125,"RvAD.14.Cert","RvAD","Cert",14
"255",0.07,13,250,0.04,12,325,"RvAD.15.Cert","RvAD","Cert",15
"256",0.14,42,375,0.09,36,450,"RvAD.16.Cert","RvAD","Cert",16
"257",0.85,0,275,1,12,325,"DvAR.1.Base","DvAR","Base",1
"258",0.95,0,225,1,15,450,"DvAR.2.Base","DvAR","Base",2
"259",0.75,0,175,1,21,250,"DvAR.3.Base","DvAR","Base",3
"260",0.9,0,75,1,4,150,"DvAR.4.Base","DvAR","Base",4
"261",0.75,0,375,1,15,475,"DvAR.5.Base","DvAR","Base",5
"262",0.95,0,300,1,2,450,"DvAR.6.Base","DvAR","Base",6
"263",0.95,0,75,1,24,125,"DvAR.7.Base","DvAR","Base",7
"264",0.8,0,425,1,13,450,"DvAR.8.Base","DvAR","Base",8
"265",0.5,1,325,0.6,2,425,"DvAR.9.Base","DvAR","Base",9
"266",0.2,5,425,0.65,24,450,"DvAR.10.Base","DvAR","Base",10
"267",0.2,12,225,0.5,30,250,"DvAR.11.Base","DvAR","Base",11
"268",0.4,30,50,0.5,54,275,"DvAR.12.Base","DvAR","Base",12
"269",0.7,13,125,0.75,15,150,"DvAR.13.Base","DvAR","Base",13
"270",0.35,5,100,0.5,30,475,"DvAR.14.Base","DvAR","Base",14
"271",0.2,1,425,0.4,15,450,"DvAR.15.Base","DvAR","Base",15
"272",0.4,5,150,0.45,36,350,"DvAR.16.Base","DvAR","Base",16
"273",0.85,0,2750,1,12,3250,"DvAR.1.Mag","DvAR","Mag",1
"274",0.95,0,2250,1,15,4500,"DvAR.2.Mag","DvAR","Mag",2
"275",0.75,0,1750,1,21,2500,"DvAR.3.Mag","DvAR","Mag",3
"276",0.9,0,750,1,4,1500,"DvAR.4.Mag","DvAR","Mag",4
"277",0.75,0,3750,1,15,4750,"DvAR.5.Mag","DvAR","Mag",5
"278",0.95,0,3000,1,2,4500,"DvAR.6.Mag","DvAR","Mag",6
"279",0.95,0,750,1,24,1250,"DvAR.7.Mag","DvAR","Mag",7
"280",0.8,0,4250,1,13,4500,"DvAR.8.Mag","DvAR","Mag",8
"281",0.5,1,3250,0.6,2,4250,"DvAR.9.Mag","DvAR","Mag",9
"282",0.2,5,4250,0.65,24,4500,"DvAR.10.Mag","DvAR","Mag",10
"283",0.2,12,2250,0.5,30,2500,"DvAR.11.Mag","DvAR","Mag",11
"284",0.4,30,500,0.5,54,2750,"DvAR.12.Mag","DvAR","Mag",12
"285",0.7,13,1250,0.75,15,1500,"DvAR.13.Mag","DvAR","Mag",13
"286",0.35,5,1000,0.5,30,4750,"DvAR.14.Mag","DvAR","Mag",14
"287",0.2,1,4250,0.4,15,4500,"DvAR.15.Mag","DvAR","Mag",15
"288",0.4,5,1500,0.45,36,3500,"DvAR.16.Mag","DvAR","Mag",16
"289",0.85,12,275,1,24,325,"DvAR.1.Imm","DvAR","Imm",1
"290",0.95,12,225,1,27,450,"DvAR.2.Imm","DvAR","Imm",2
"291",0.75,12,175,1,33,250,"DvAR.3.Imm","DvAR","Imm",3
"292",0.9,12,75,1,16,150,"DvAR.4.Imm","DvAR","Imm",4
"293",0.75,12,375,1,27,475,"DvAR.5.Imm","DvAR","Imm",5
"294",0.95,12,300,1,14,450,"DvAR.6.Imm","DvAR","Imm",6
"295",0.95,12,75,1,36,125,"DvAR.7.Imm","DvAR","Imm",7
"296",0.8,12,425,1,25,450,"DvAR.8.Imm","DvAR","Imm",8
"297",0.5,13,325,0.6,14,425,"DvAR.9.Imm","DvAR","Imm",9
"298",0.2,17,425,0.65,36,450,"DvAR.10.Imm","DvAR","Imm",10
"299",0.2,24,225,0.5,42,250,"DvAR.11.Imm","DvAR","Imm",11
"300",0.4,42,50,0.5,66,275,"DvAR.12.Imm","DvAR","Imm",12
"301",0.7,25,125,0.75,27,150,"DvAR.13.Imm","DvAR","Imm",13
"302",0.35,17,100,0.5,42,475,"DvAR.14.Imm","DvAR","Imm",14
"303",0.2,13,425,0.4,27,450,"DvAR.15.Imm","DvAR","Imm",15
"304",0.4,17,150,0.45,48,350,"DvAR.16.Imm","DvAR","Imm",16
"305",0.17,0,275,0.2,12,325,"DvAR.1.Cert","DvAR","Cert",1
"306",0.19,0,225,0.2,15,450,"DvAR.2.Cert","DvAR","Cert",2
"307",0.15,0,175,0.2,21,250,"DvAR.3.Cert","DvAR","Cert",3
"308",0.18,0,75,0.2,4,150,"DvAR.4.Cert","DvAR","Cert",4
"309",0.15,0,375,0.2,15,475,"DvAR.5.Cert","DvAR","Cert",5
"310",0.19,0,300,0.2,2,450,"DvAR.6.Cert","DvAR","Cert",6
"311",0.19,0,75,0.2,24,125,"DvAR.7.Cert","DvAR","Cert",7
"312",0.16,0,425,0.2,13,450,"DvAR.8.Cert","DvAR","Cert",8
"313",0.1,1,325,0.12,2,425,"DvAR.9.Cert","DvAR","Cert",9
"314",0.04,5,425,0.13,24,450,"DvAR.10.Cert","DvAR","Cert",10
"315",0.04,12,225,0.1,30,250,"DvAR.11.Cert","DvAR","Cert",11
"316",0.08,30,50,0.1,54,275,"DvAR.12.Cert","DvAR","Cert",12
"317",0.14,13,125,0.15,15,150,"DvAR.13.Cert","DvAR","Cert",13
"318",0.07,5,100,0.1,30,475,"DvAR.14.Cert","DvAR","Cert",14
"319",0.04,1,425,0.08,15,450,"DvAR.15.Cert","DvAR","Cert",15
"320",0.08,5,150,0.09,36,350,"DvAR.16.Cert","DvAR","Cert",16
"321",1,0,175,0.8,5,300,"DRvA.1.Base","DRvA","Base",1
"322",1,0,50,0.45,21,225,"DRvA.2.Base","DRvA","Base",2
"323",1,0,125,0.9,21,375,"DRvA.3.Base","DRvA","Base",3
"324",1,0,275,0.95,4,475,"DRvA.4.Base","DRvA","Base",4
"325",1,0,175,0.75,2,375,"DRvA.5.Base","DRvA","Base",5
"326",1,0,50,0.85,3,75,"DRvA.6.Base","DRvA","Base",6
"327",1,0,250,0.85,5,375,"DRvA.7.Base","DRvA","Base",7
"328",1,0,100,0.45,15,450,"DRvA.8.Base","DRvA","Base",8
"329",0.55,5,175,0.3,8,225,"DRvA.9.Base","DRvA","Base",9
"330",0.6,3,200,0.25,24,300,"DRvA.10.Base","DRvA","Base",10
"331",0.6,9,125,0.5,54,350,"DRvA.11.Base","DRvA","Base",11
"332",0.55,8,175,0.45,18,350,"DRvA.12.Base","DRvA","Base",12
"333",0.95,18,75,0.1,21,450,"DRvA.13.Base","DRvA","Base",13
"334",0.9,3,175,0.85,4,300,"DRvA.14.Base","DRvA","Base",14
"335",0.45,5,325,0.35,8,375,"DRvA.15.Base","DRvA","Base",15
"336",0.95,1,150,0.6,4,475,"DRvA.16.Base","DRvA","Base",16
"337",1,0,1750,0.8,5,3000,"DRvA.1.Mag","DRvA","Mag",1
"338",1,0,500,0.45,21,2250,"DRvA.2.Mag","DRvA","Mag",2
"339",1,0,1250,0.9,21,3750,"DRvA.3.Mag","DRvA","Mag",3
"340",1,0,2750,0.95,4,4750,"DRvA.4.Mag","DRvA","Mag",4
"341",1,0,1750,0.75,2,3750,"DRvA.5.Mag","DRvA","Mag",5
"342",1,0,500,0.85,3,750,"DRvA.6.Mag","DRvA","Mag",6
"343",1,0,2500,0.85,5,3750,"DRvA.7.Mag","DRvA","Mag",7
"344",1,0,1000,0.45,15,4500,"DRvA.8.Mag","DRvA","Mag",8
"345",0.55,5,1750,0.3,8,2250,"DRvA.9.Mag","DRvA","Mag",9
"346",0.6,3,2000,0.25,24,3000,"DRvA.10.Mag","DRvA","Mag",10
"347",0.6,9,1250,0.5,54,3500,"DRvA.11.Mag","DRvA","Mag",11
"348",0.55,8,1750,0.45,18,3500,"DRvA.12.Mag","DRvA","Mag",12
"349",0.95,18,750,0.1,21,4500,"DRvA.13.Mag","DRvA","Mag",13
"350",0.9,3,1750,0.85,4,3000,"DRvA.14.Mag","DRvA","Mag",14
"351",0.45,5,3250,0.35,8,3750,"DRvA.15.Mag","DRvA","Mag",15
"352",0.95,1,1500,0.6,4,4750,"DRvA.16.Mag","DRvA","Mag",16
"353",1,12,175,0.8,17,300,"DRvA.1.Imm","DRvA","Imm",1
"354",1,12,50,0.45,33,225,"DRvA.2.Imm","DRvA","Imm",2
"355",1,12,125,0.9,33,375,"DRvA.3.Imm","DRvA","Imm",3
"356",1,12,275,0.95,16,475,"DRvA.4.Imm","DRvA","Imm",4
"357",1,12,175,0.75,14,375,"DRvA.5.Imm","DRvA","Imm",5
"358",1,12,50,0.85,15,75,"DRvA.6.Imm","DRvA","Imm",6
"359",1,12,250,0.85,17,375,"DRvA.7.Imm","DRvA","Imm",7
"360",1,12,100,0.45,27,450,"DRvA.8.Imm","DRvA","Imm",8
"361",0.55,17,175,0.3,20,225,"DRvA.9.Imm","DRvA","Imm",9
"362",0.6,15,200,0.25,36,300,"DRvA.10.Imm","DRvA","Imm",10
"363",0.6,21,125,0.5,66,350,"DRvA.11.Imm","DRvA","Imm",11
"364",0.55,20,175,0.45,30,350,"DRvA.12.Imm","DRvA","Imm",12
"365",0.95,30,75,0.1,33,450,"DRvA.13.Imm","DRvA","Imm",13
"366",0.9,15,175,0.85,16,300,"DRvA.14.Imm","DRvA","Imm",14
"367",0.45,17,325,0.35,20,375,"DRvA.15.Imm","DRvA","Imm",15
"368",0.95,13,150,0.6,16,475,"DRvA.16.Imm","DRvA","Imm",16
"369",0.2,0,175,0.16,5,300,"DRvA.1.Cert","DRvA","Cert",1
"370",0.2,0,50,0.09,21,225,"DRvA.2.Cert","DRvA","Cert",2
"371",0.2,0,125,0.18,21,375,"DRvA.3.Cert","DRvA","Cert",3
"372",0.2,0,275,0.19,4,475,"DRvA.4.Cert","DRvA","Cert",4
"373",0.2,0,175,0.15,2,375,"DRvA.5.Cert","DRvA","Cert",5
"374",0.2,0,50,0.17,3,75,"DRvA.6.Cert","DRvA","Cert",6
"375",0.2,0,250,0.17,5,375,"DRvA.7.Cert","DRvA","Cert",7
"376",0.2,0,100,0.09,15,450,"DRvA.8.Cert","DRvA","Cert",8
"377",0.11,5,175,0.06,8,225,"DRvA.9.Cert","DRvA","Cert",9
"378",0.12,3,200,0.05,24,300,"DRvA.10.Cert","DRvA","Cert",10
"379",0.12,9,125,0.1,54,350,"DRvA.11.Cert","DRvA","Cert",11
"380",0.11,8,175,0.09,18,350,"DRvA.12.Cert","DRvA","Cert",12
"381",0.19,18,75,0.02,21,450,"DRvA.13.Cert","DRvA","Cert",13
"382",0.18,3,175,0.17,4,300,"DRvA.14.Cert","DRvA","Cert",14
"383",0.09,5,325,0.07,8,375,"DRvA.15.Cert","DRvA","Cert",15
"384",0.19,1,150,0.12,4,475,"DRvA.16.Cert","DRvA","Cert",16
"385",0.4,0,50,0.3,0,50,"Dom.1",NA,NA,1
"386",1,18,50,1,24,50,"Dom.2",NA,NA,2
"387",0.7,6,400,0.6,9,400,"Dom.3",NA,NA,3
"388",0.8,3,300,0.8,6,275,"Dom.4",NA,NA,4
"389",0.85,9,300,0.7,9,275,"Dom.5",NA,NA,5
"390",0.4,18,225,0.4,18,175,"Dom.6",NA,NA,6
